id,sheet_id,source_sheet,row,col,tier,working_name,description,type,secondary_types,status,cluster_id,dedup_reason,name_status,type_status
U1-01,U1,送付画像1,1,1,下位,アクアスライム,葉を生やした青い水スライム,スライム,,除外候補,,ドラクエ系の青スライムを連想しやすい,仮名・要レビュー,暫定・要レビュー
U1-02,U1,送付画像1,1,2,下位,フレアゾン,頭に火が灯る小さなゾンビ,不死,,採用,,独自性を確認,仮名・要レビュー,暫定・要レビュー
U1-03,U1,送付画像1,1,3,下位,アクアビートル,青い結晶を背負った甲虫,むし,,採用,,独自性を確認,仮名・要レビュー,暫定・要レビュー
U1-04,U1,送付画像1,1,4,下位,フレアインプ,どんぐりを抱えた赤い小悪魔,幻魔,,採用,,独自性を確認,仮名・要レビュー,暫定・要レビュー
U1-05,U1,送付画像1,1,5,下位,メデュラ,雲の体を持つクラゲ,水棲,,採用,D004,雲の体のクラゲの代表案,仮名・要レビュー,暫定・要レビュー
U1-06,U1,送付画像1,1,6,下位,ソルアングラー,提灯のような発光器を持つチョウチンアンコウ,水棲,,採用,D006,青いチョウチンアンコウの代表案,仮名・要レビュー,暫定・要レビュー
U1-07,U1,送付画像1,2,1,下位,ヴェノバット,木の実を背負った紫コウモリ,幻魔,,採用,,独自性を確認,仮名・要レビュー,暫定・要レビュー
U1-08,U1,送付画像1,2,2,下位,フレアスカル,青い鬼火をまとった小さなガイコツ,不死,,採用,D014,青い鬼火のガイコツの代表案,仮名・要レビュー,暫定・要レビュー
U1-09,U1,送付画像1,2,3,下位,モール,鉱石を掘るモグラ,けもの,,採用,,独自性を確認,仮名・要レビュー,暫定・要レビュー
U1-10,U1,送付画像1,2,4,下位,スネイル,バラの殻を持つカタツムリ,水棲,,採用,,独自性を確認,仮名・要レビュー,暫定・要レビュー
U1-11,U1,送付画像1,2,5,下位,フロストインプ,氷の角を持つ白い小悪魔,幻魔,,採用,,独自性を確認,仮名・要レビュー,暫定・要レビュー
U1-12,U1,送付画像1,2,6,下位,リーフキャタル,苔と岩の装甲を持つイモムシ,むし,,採用,,独自性を確認,仮名・要レビュー,暫定・要レビュー
U1-13,U1,送付画像1,3,1,下位,サウル,サボテンを背負った小型恐竜,ドラゴン,自然,採用,,独自性を確認,仮名・要レビュー,暫定・要レビュー
U1-14,U1,送付画像1,3,2,下位,フレアレイス,紫炎でできた一つ目の霊体,不死,,採用,,独自性を確認,仮名・要レビュー,暫定・要レビュー
U1-15,U1,送付画像1,3,3,下位,クロウ,薬瓶を運ぶ黒いカラス,鳥翼,,採用,,独自性を確認,仮名・要レビュー,暫定・要レビュー
U1-16,U1,送付画像1,3,4,下位,リーフフォーン,葉と枝角を持つ子ジカ,けもの,,採用,D001,葉角の子ジカの代表案,仮名・要レビュー,暫定・要レビュー
U1-17,U1,送付画像1,3,5,下位,フレアダンゴロ,火山岩のダンゴムシ,むし,,採用,,独自性を確認,仮名・要レビュー,暫定・要レビュー
U1-18,U1,送付画像1,3,6,下位,フロスト,提灯を持つ白い幽霊,不死,,除外候補,,U2-29のランタン幽霊を採用。こちらは役割重複,仮名・要レビュー,暫定・要レビュー
U1-19,U1,送付画像1,4,1,下位,フロッグ,泥をまとったカエル,水棲,,採用,D011,泥をまとうカエルの代表案,仮名・要レビュー,暫定・要レビュー
U1-20,U1,送付画像1,4,2,下位,アストラスライム,星をまとった黄色いスライム,スライム,,除外候補,,ドラクエ系の色違いスライムを連想しやすい,仮名・要レビュー,暫定・要レビュー
U1-21,U1,送付画像1,4,3,下位,アクアモン,貝殻を背負った泡の生物,幻魔,,採用,,独自性を確認,仮名・要レビュー,暫定・要レビュー
U1-22,U1,送付画像1,4,4,下位,リーフパンプ,葉を生やしたカボチャの精,自然,,採用,,独自性を確認,仮名・要レビュー,暫定・要レビュー
U1-23,U1,送付画像1,4,5,下位,ガーゴ,石像になった小型ガーゴイル,幻魔,,採用,,独自性を確認,仮名・要レビュー,暫定・要レビュー
U1-24,U1,送付画像1,4,6,下位,ソルビー,光る腹を持つハチ,むし,,採用,,独自性を確認,仮名・要レビュー,暫定・要レビュー
U1-25,U1,送付画像1,5,1,下位,アクアゾン,骨が見える青いゾンビ魚,不死,水棲,採用,,独自性を確認,仮名・要レビュー,暫定・要レビュー
U1-26,U1,送付画像1,5,2,下位,トラッププラント,大口を開けた食虫植物,自然,,採用,D012,大口の食虫植物の代表案,仮名・要レビュー,暫定・要レビュー
U1-27,U1,送付画像1,5,3,下位,リーフゴブ,鍵を持つ緑のゴブリン,幻魔,,採用,,独自性を確認,仮名・要レビュー,暫定・要レビュー
U1-28,U1,送付画像1,5,4,下位,フロストオウル,氷結晶をまとった白フクロウ,鳥翼,,採用,D008,氷の白フクロウの代表案,仮名・要レビュー,暫定・要レビュー
U1-29,U1,送付画像1,5,5,下位,スコルピ,砂地のオレンジサソリ,むし,,採用,,独自性を確認,仮名・要レビュー,暫定・要レビュー
U1-30,U1,送付画像1,5,6,下位,アクアドラゴ,泡をまとった青い子ドラゴン,ドラゴン,,採用,,独自性を確認,仮名・要レビュー,暫定・要レビュー
U2-01,U2,送付画像2,1,1,下位,リーフスライム,葉を生やした緑のスライム,スライム,,除外候補,,葉付きの青緑スライムで既存作品を連想しやすい,仮名・要レビュー,暫定・要レビュー
U2-02,U2,送付画像2,1,2,下位,フレアフォクス,炎の尾を持つ小さなキツネ,けもの,,採用,,独自性を確認,仮名・要レビュー,暫定・要レビュー
U2-03,U2,送付画像2,1,3,下位,リーフゴレム,苔むした丸岩ゴーレム,物質,,採用,D013,苔むした丸岩ゴーレムの代表案,仮名・要レビュー,暫定・要レビュー
U2-04,U2,送付画像2,1,4,下位,フロストラビ,氷結晶を抱く白ウサギ,けもの,,採用,,独自性を確認,仮名・要レビュー,暫定・要レビュー
U2-05,U2,送付画像2,1,5,下位,リーフピリカ,花そのものの小さな精,自然,,採用,,独自性を確認,仮名・要レビュー,暫定・要レビュー
U2-06,U2,送付画像2,1,6,下位,アクアスネイル,水の体と巻貝を持つカタツムリ,水棲,,採用,D015,青い水カタツムリの代表案,仮名・要レビュー,暫定・要レビュー
U2-07,U2,送付画像2,2,1,下位,アクアビー,青い羽のハチ妖精,むし,,採用,,独自性を確認,仮名・要レビュー,暫定・要レビュー
U2-08,U2,送付画像2,2,2,下位,ヴェノスカル,紫の鬼火に包まれたドクロ,不死,,採用,,独自性を確認,仮名・要レビュー,暫定・要レビュー
U2-09,U2,送付画像2,2,3,下位,リーフタートル,葉を背負った小さなカメ,けもの,,採用,,独自性を確認,仮名・要レビュー,暫定・要レビュー
U2-10,U2,送付画像2,2,4,下位,ソルピリカ,太陽のような炎の精,幻魔,,採用,,独自性を確認,仮名・要レビュー,暫定・要レビュー
U2-11,U2,送付画像2,2,5,下位,ウィッチクロウ,魔女帽子をかぶった黒いカラス,鳥翼,,採用,,独自性を確認,仮名・要レビュー,暫定・要レビュー
U2-12,U2,送付画像2,2,6,下位,リーフカクタス,花を咲かせた小型サボテン,自然,,採用,,独自性を確認,仮名・要レビュー,暫定・要レビュー
U2-13,U2,送付画像2,3,1,下位,アクアカワウソ,水をまとった青いカワウソ,水棲,けもの,採用,,独自性を確認,仮名・要レビュー,暫定・要レビュー
U2-14,U2,送付画像2,3,2,下位,マッシュ,旅装をしたキノコ,自然,,採用,D005,旅装キノコの代表案,仮名・要レビュー,暫定・要レビュー
U2-15,U2,送付画像2,3,3,下位,リーフドラゴ,葉と角を持つ緑の子ドラゴン,ドラゴン,,採用,,独自性を確認,仮名・要レビュー,暫定・要レビュー
U2-16,U2,送付画像2,3,4,下位,キャンド,体が溶けたロウソクの精,幻魔,,採用,,独自性を確認,仮名・要レビュー,暫定・要レビュー
U2-17,U2,送付画像2,3,5,下位,オオミミバット,大耳の紫コウモリ,幻魔,,採用,D002,大耳の紫コウモリの代表案,仮名・要レビュー,暫定・要レビュー
U2-18,U2,送付画像2,3,6,下位,クリスタスネイル,青結晶の殻を持つカタツムリ,水棲,,採用,,独自性を確認,仮名・要レビュー,暫定・要レビュー
U2-19,U2,送付画像2,4,1,下位,リーフ,葉をまとった小型獣,けもの,,採用,,独自性を確認,仮名・要レビュー,暫定・要レビュー
U2-20,U2,送付画像2,4,2,下位,アワシズク,泡を出す青いしずくスライム,スライム,,除外候補,,ドラクエ系の青スライムを連想しやすい,仮名・要レビュー,暫定・要レビュー
U2-21,U2,送付画像2,4,3,下位,フレアハーミット,岩の体と赤いハサミを持つヤドカリ,水棲,,採用,,独自性を確認,仮名・要レビュー,暫定・要レビュー
U2-22,U2,送付画像2,4,4,下位,アストラピリカ,星形の黄色い精,幻魔,,採用,,独自性を確認,仮名・要レビュー,暫定・要レビュー
U2-23,U2,送付画像2,4,5,下位,フロストグリフ,青白いグリフォン,鳥翼,,採用,,独自性を確認,仮名・要レビュー,暫定・要レビュー
U2-24,U2,送付画像2,4,6,下位,ヴェノスパイダ,紫の小さなクモ,むし,,採用,,独自性を確認,仮名・要レビュー,暫定・要レビュー
U2-25,U2,送付画像2,5,1,下位,リーフフォーンア,葉と枝角を持つ子ジカ,けもの,,除外候補,D001,U1-16と意匠・役割が近い,仮名・要レビュー,暫定・要レビュー
U2-26,U2,送付画像2,5,2,下位,フレア,炎をまとった黒い子獣,けもの,,採用,,独自性を確認,仮名・要レビュー,暫定・要レビュー
U2-27,U2,送付画像2,5,3,下位,フロストオウルア,氷をまとった白フクロウ,鳥翼,,除外候補,D008,U1-28と意匠・役割が近い,仮名・要レビュー,暫定・要レビュー
U2-28,U2,送付画像2,5,4,下位,トラッププランア,大口の食虫植物,自然,,除外候補,D012,U1-26と意匠・役割が近い,仮名・要レビュー,暫定・要レビュー
U2-29,U2,送付画像2,5,5,下位,アクアランタンフ,青いランタンを持つフード幽霊,不死,,採用,,独自性を確認,仮名・要レビュー,暫定・要レビュー
U2-30,U2,送付画像2,5,6,下位,ソルアングラーア,発光器を持つ青いチョウチンアンコウ,水棲,,除外候補,D006,U1-06と意匠・役割が近い,仮名・要レビュー,暫定・要レビュー
U3-01,U3,送付画像3,1,1,下位,アクアスライムア,泡を出す青いスライム,スライム,,除外候補,D003,U6-01と意匠・役割が近い,仮名・要レビュー,暫定・要レビュー
U3-02,U3,送付画像3,1,2,下位,リーフパピー,苔をまとった子犬,けもの,,採用,,独自性を確認,仮名・要レビュー,暫定・要レビュー
U3-03,U3,送付画像3,1,3,下位,リーフフェイ,葉の杖を持つ緑の小妖精,自然,,採用,,独自性を確認,仮名・要レビュー,暫定・要レビュー
U3-04,U3,送付画像3,1,4,下位,フレアキャンド,炎を灯したロウソク幽霊,不死,,採用,,独自性を確認,仮名・要レビュー,暫定・要レビュー
U3-05,U3,送付画像3,1,5,下位,スパイダ,どんぐりを背負ったクモ,むし,,採用,,独自性を確認,仮名・要レビュー,暫定・要レビュー
U3-06,U3,送付画像3,1,6,下位,ヴェノバットア,大耳の紫コウモリ,幻魔,,除外候補,D002,U2-17と意匠・役割が近い,仮名・要レビュー,暫定・要レビュー
U3-07,U3,送付画像3,2,1,下位,アクアスネイルア,青い体と橙色の殻のカタツムリ,水棲,,除外候補,D015,U2-06と意匠・役割が近い,仮名・要レビュー,暫定・要レビュー
U3-08,U3,送付画像3,2,2,下位,リーフピピット,葉でできた小鳥,鳥翼,,採用,,独自性を確認,仮名・要レビュー,暫定・要レビュー
U3-09,U3,送付画像3,2,3,下位,リーフラビ,花を付けた葉のウサギ,自然,けもの,採用,,独自性を確認,仮名・要レビュー,暫定・要レビュー
U3-10,U3,送付画像3,2,4,下位,フレアスカルア,青い鬼火をまとったガイコツ,不死,,除外候補,D014,U1-08と意匠・役割が近い,仮名・要レビュー,暫定・要レビュー
U3-11,U3,送付画像3,2,5,下位,ソルパピヨ,光球を出す青橙の蝶,むし,,採用,,独自性を確認,仮名・要レビュー,暫定・要レビュー
U3-12,U3,送付画像3,2,6,下位,フロッグア,泥をまとったカエル,水棲,,除外候補,D011,U1-19と意匠・役割が近い,仮名・要レビュー,暫定・要レビュー
U3-13,U3,送付画像3,3,1,下位,リーフリザ,葉の耳と尾を持つ緑トカゲ,自然,,採用,,独自性を確認,仮名・要レビュー,暫定・要レビュー
U3-14,U3,送付画像3,3,2,下位,フロストレイス,青い鬼火をまとった白い霊体,不死,,採用,,独自性を確認,仮名・要レビュー,暫定・要レビュー
U3-15,U3,送付画像3,3,3,下位,ハーミット,巻貝を背負った小さなヤドカリ,水棲,,採用,,独自性を確認,仮名・要レビュー,暫定・要レビュー
U3-16,U3,送付画像3,3,4,下位,フレアピピット,炎をまとった黒い小鳥,鳥翼,,除外候補,D010,U5-10と意匠・役割が近い,仮名・要レビュー,暫定・要レビュー
U3-17,U3,送付画像3,3,5,下位,アクアフィン,泡を出す青い魚,水棲,,採用,,独自性を確認,仮名・要レビュー,暫定・要レビュー
U3-18,U3,送付画像3,3,6,下位,がえたり,芽が生えた切り株,自然,,採用,,独自性を確認,仮名・要レビュー,暫定・要レビュー
U3-19,U3,送付画像3,4,1,下位,シロツノラム,巻角を持つ白い子ヒツジ,けもの,,採用,,独自性を確認,仮名・要レビュー,暫定・要レビュー
U3-20,U3,送付画像3,4,2,下位,スモークシェイド,紫の煙でできた影の塊,幻魔,,採用,,独自性を確認,仮名・要レビュー,暫定・要レビュー
U3-21,U3,送付画像3,4,3,下位,クリスタアクアン,青い結晶を背負った水の生物,幻魔,,採用,,独自性を確認,仮名・要レビュー,暫定・要レビュー
U3-22,U3,送付画像3,4,4,下位,マウス,大耳の砂色ネズミ,けもの,,採用,,独自性を確認,仮名・要レビュー,暫定・要レビュー
U3-23,U3,送付画像3,4,5,下位,マッシュア,旅装をしたキノコ,自然,,除外候補,D005,U2-14と意匠・役割が近い,仮名・要レビュー,暫定・要レビュー
U3-24,U3,送付画像3,4,6,下位,フロストラム,氷をまとった青白いヒツジ,けもの,,採用,,独自性を確認,仮名・要レビュー,暫定・要レビュー
U3-25,U3,送付画像3,5,1,下位,リーフスネーク,花を咲かせた緑のヘビ,自然,,採用,,独自性を確認,仮名・要レビュー,暫定・要レビュー
U3-26,U3,送付画像3,5,2,下位,メデュラア,雲の体を持つクラゲ,水棲,,除外候補,D004,U1-05と意匠・役割が近い,仮名・要レビュー,暫定・要レビュー
U3-27,U3,送付画像3,5,3,下位,リーフゴレムア,苔むした小型岩ゴーレム,物質,,除外候補,D013,U2-03と意匠・役割が近い,仮名・要レビュー,暫定・要レビュー
U3-28,U3,送付画像3,5,4,下位,ポットスライム,葉のふたを持つ緑の壺スライム,スライム,自然,採用,,独自性を確認,仮名・要レビュー,暫定・要レビュー
U3-29,U3,送付画像3,5,5,下位,フレアドラゴ,赤い子ドラゴン,ドラゴン,,採用,,独自性を確認,仮名・要レビュー,暫定・要レビュー
U3-30,U3,送付画像3,5,6,下位,ヴェノランタンネ,ランタンを持つ紫の魔法ネコ,幻魔,,採用,,独自性を確認,仮名・要レビュー,暫定・要レビュー
U4-01,U4,送付画像4,1,1,上位,ゴルドスライム,王冠とローブをまとったスライム王,スライム,,除外候補,D016,キングスライム系を強く連想しやすい,仮名・要レビュー,暫定・要レビュー
U4-02,U4,送付画像4,1,2,上位,ソルグリフ,金青の装飾を持つ聖獣グリフォン,鳥翼,けもの,採用,D018,金青装飾の白い猛禽の代表案,仮名・要レビュー,暫定・要レビュー
U4-03,U4,送付画像4,1,3,上位,ノクスドラゴ,黒紫の大型ドラゴン,ドラゴン,,採用,,独自性を確認,仮名・要レビュー,暫定・要レビュー
U4-04,U4,送付画像4,1,4,上位,トレント,宝珠を抱く巨大な古代樹,自然,,採用,,独自性を確認,仮名・要レビュー,暫定・要レビュー
U4-05,U4,送付画像4,1,5,上位,フロストフェニク,氷をまとった青いフェニックス,鳥翼,,採用,,独自性を確認,仮名・要レビュー,暫定・要レビュー
U4-06,U4,送付画像4,1,6,上位,フレアゴレム,溶岩でできた巨大ゴーレム,物質,,採用,,独自性を確認,仮名・要レビュー,暫定・要レビュー
U4-07,U4,送付画像4,2,1,上位,アクアマリドラ,泡をまとった青赤の海竜,ドラゴン,水棲,除外候補,,U4-21の海竜を採用。海竜の役割が重複,仮名・要レビュー,暫定・要レビュー
U4-08,U4,送付画像4,2,2,上位,リーパー,鎌を持つ騎乗死神,不死,,採用,,独自性を確認,仮名・要レビュー,暫定・要レビュー
U4-09,U4,送付画像4,2,3,上位,フォレストクイー,杖を持つ森の妖精女王,自然,,採用,,独自性を確認,仮名・要レビュー,暫定・要レビュー
U4-10,U4,送付画像4,2,4,上位,ゴルドドラゴ,金色の大型ドラゴン,ドラゴン,,採用,,独自性を確認,仮名・要レビュー,暫定・要レビュー
U4-11,U4,送付画像4,2,5,上位,コズミックアビス,黒い穴を中心にした宇宙触手,幻魔,,採用,,独自性を確認,仮名・要レビュー,暫定・要レビュー
U4-12,U4,送付画像4,2,6,上位,ソルナイト,白翼の聖騎士,物質,,採用,,独自性を確認,仮名・要レビュー,暫定・要レビュー
U4-13,U4,送付画像4,3,1,上位,フレアガメ,火山を背負った溶岩ガメ,幻魔,,採用,D009,火山を背負う溶岩ガメの代表案,仮名・要レビュー,暫定・要レビュー
U4-14,U4,送付画像4,3,2,上位,ウィスプキュウビ,青い鬼火をまとう九尾の白狐,不死,けもの,採用,,独自性を確認,仮名・要レビュー,暫定・要レビュー
U4-15,U4,送付画像4,3,3,上位,ゴレム,結晶装甲の岩ゴーレム,物質,,採用,,独自性を確認,仮名・要レビュー,暫定・要レビュー
U4-16,U4,送付画像4,3,4,上位,ゴルドウォード,金青の大型昆虫戦士,むし,物質,採用,,独自性を確認,仮名・要レビュー,暫定・要レビュー
U4-17,U4,送付画像4,3,5,上位,フレアア,紫炎と角を持つ魔獣,けもの,,採用,,独自性を確認,仮名・要レビュー,暫定・要レビュー
U4-18,U4,送付画像4,3,6,上位,ロータスクイーン,水と蓮に包まれた女王,幻魔,,採用,,独自性を確認,仮名・要レビュー,暫定・要レビュー
U4-19,U4,送付画像4,4,1,上位,アストラセントス,星をまとった白い神鹿,幻魔,,採用,,独自性を確認,仮名・要レビュー,暫定・要レビュー
U4-20,U4,送付画像4,4,2,上位,ノクスウィッチ,仮面とランタンを持つ影の魔女,幻魔,,採用,,独自性を確認,仮名・要レビュー,暫定・要レビュー
U4-21,U4,送付画像4,4,3,上位,ゴルドマリドラ,金装甲をまとった青い海竜,ドラゴン,水棲,採用,D007,青い海竜の代表案,仮名・要レビュー,暫定・要レビュー
U4-22,U4,送付画像4,4,4,上位,フレアフェニクス,巨大な炎のフェニックス,鳥翼,,採用,,独自性を確認,仮名・要レビュー,暫定・要レビュー
U4-23,U4,送付画像4,4,5,上位,ゴルドリッチ,王冠と杖を持つリッチ王,不死,,採用,D017,王冠と杖のリッチ王の代表案,仮名・要レビュー,暫定・要レビュー
U4-24,U4,送付画像4,4,6,上位,ギガトラップ,巨大化した食虫植物,自然,,採用,,独自性を確認,仮名・要レビュー,暫定・要レビュー
U4-25,U4,送付画像4,5,1,上位,アクアウルフ,雷をまとった青いオオカミ,けもの,,採用,,独自性を確認,仮名・要レビュー,暫定・要レビュー
U4-26,U4,送付画像4,5,2,上位,アストラホエル,星空を泳ぐ宇宙クジラ,水棲,,採用,,独自性を確認,仮名・要レビュー,暫定・要レビュー
U4-27,U4,送付画像4,5,3,上位,ギアトレント,歯車を内蔵した森のゴーレム,自然,物質,採用,,独自性を確認,仮名・要レビュー,暫定・要レビュー
U4-28,U4,送付画像4,5,4,上位,ヴェノドラゴ,結晶翼を持つ青紫ドラゴン,ドラゴン,,採用,,独自性を確認,仮名・要レビュー,暫定・要レビュー
U4-29,U4,送付画像4,5,5,上位,ヴェノい,紫髪の呪い人形姫,物質,,採用,,独自性を確認,仮名・要レビュー,暫定・要レビュー
U4-30,U4,送付画像4,5,6,上位,ゴルドセレスドラ,雲に乗る金色の天竜,ドラゴン,,採用,,独自性を確認,仮名・要レビュー,暫定・要レビュー
U5-01,U5,送付画像5,1,1,中位,アクアスライムイ,泡を出す青いスライム,スライム,,除外候補,D003,U6-01と意匠・役割が近い,仮名・要レビュー,暫定・要レビュー
U5-02,U5,送付画像5,1,2,中位,リーフラム,花と苔をまとった巻角のヒツジ,自然,けもの,採用,,独自性を確認,仮名・要レビュー,暫定・要レビュー
U5-03,U5,送付画像5,1,3,中位,フレアバット,火球を持つ桃色コウモリ,幻魔,,採用,,独自性を確認,仮名・要レビュー,暫定・要レビュー
U5-04,U5,送付画像5,1,4,中位,カクタス,トゲのある巨大サボテン獣,自然,けもの,採用,,独自性を確認,仮名・要レビュー,暫定・要レビュー
U5-05,U5,送付画像5,1,5,中位,マジックメデュラ,魔法帽子ランタンのクラゲ,水棲,,採用,,独自性を確認,仮名・要レビュー,暫定・要レビュー
U5-06,U5,送付画像5,1,6,中位,フロストラプタ,金青の装飾を持つ白い猛禽,鳥翼,,除外候補,D018,U4-02と意匠・役割が近い,仮名・要レビュー,暫定・要レビュー
U5-07,U5,送付画像5,2,1,中位,アクアマリドラア,泡をまとった青赤の海竜,ドラゴン,水棲,除外候補,D007,U4-21と意匠・役割が近い,仮名・要レビュー,暫定・要レビュー
U5-08,U5,送付画像5,2,2,中位,ナイト,盾と槍を持つカカシ騎士,物質,,採用,,独自性を確認,仮名・要レビュー,暫定・要レビュー
U5-09,U5,送付画像5,2,3,中位,ベロボックス,舌を出す宝箱ミミック,物質,,採用,,独自性を確認,仮名・要レビュー,暫定・要レビュー
U5-10,U5,送付画像5,2,4,中位,フレアバード,炎をまとった黒い鳥,鳥翼,,採用,D010,炎をまとう黒い鳥の代表案,仮名・要レビュー,暫定・要レビュー
U5-11,U5,送付画像5,2,5,中位,アストララビ,星月をまとった白ウサギ,けもの,,採用,,独自性を確認,仮名・要レビュー,暫定・要レビュー
U5-12,U5,送付画像5,2,6,中位,ブックゴレム,本の束でできたゴーレム,物質,,採用,,独自性を確認,仮名・要レビュー,暫定・要レビュー
U5-13,U5,送付画像5,3,1,中位,フロストボア,氷の毛と牙を持つイノシシ,けもの,,採用,,独自性を確認,仮名・要レビュー,暫定・要レビュー
U5-14,U5,送付画像5,3,2,中位,アイトレント,一つ目の巨大樹人,自然,,採用,,独自性を確認,仮名・要レビュー,暫定・要レビュー
U5-15,U5,送付画像5,3,3,中位,ソナマッシュ,太鼓を持つキノコ旅人,自然,物質,採用,,独自性を確認,仮名・要レビュー,暫定・要レビュー
U5-16,U5,送付画像5,3,4,中位,ゴルド,砂をまとった金色の竜,ドラゴン,,採用,,独自性を確認,仮名・要レビュー,暫定・要レビュー
U5-17,U5,送付画像5,3,5,中位,フロストドラゴ,氷でできた青いドラゴン,ドラゴン,,採用,,独自性を確認,仮名・要レビュー,暫定・要レビュー
U5-18,U5,送付画像5,3,6,中位,ヴェノモール,紫結晶を背負ったモグラ,けもの,,採用,,独自性を確認,仮名・要レビュー,暫定・要レビュー
U5-19,U5,送付画像5,4,1,中位,ボルトモス,雷をまとった巨大な蛾,むし,,採用,,独自性を確認,仮名・要レビュー,暫定・要レビュー
U5-20,U5,送付画像5,4,2,中位,ノクスウルフ,紫炎をまとった影オオカミ,けもの,,採用,,独自性を確認,仮名・要レビュー,暫定・要レビュー
U5-21,U5,送付画像5,4,3,中位,ゴルドシェル,青金の装甲を持つ巻貝昆虫,むし,水棲,採用,,独自性を確認,仮名・要レビュー,暫定・要レビュー
U5-22,U5,送付画像5,4,4,中位,マーシュトレント,湿地をまとった巨大樹,自然,,採用,,独自性を確認,仮名・要レビュー,暫定・要レビュー
U5-23,U5,送付画像5,4,5,中位,プリズムフェイ,多色羽の森の妖精,自然,,採用,,独自性を確認,仮名・要レビュー,暫定・要レビュー
U5-24,U5,送付画像5,4,6,中位,フレアガメア,火山を背負った溶岩ガメ,幻魔,,除外候補,D009,U4-13と意匠・役割が近い,仮名・要レビュー,暫定・要レビュー
U5-25,U5,送付画像5,5,1,中位,クラウドスパイク,雲に乗る白いトゲ玉,幻魔,,採用,,独自性を確認,仮名・要レビュー,暫定・要レビュー
U5-26,U5,送付画像5,5,2,中位,ソナスカル,楽器を弾く魔法使いガイコツ,不死,,採用,,独自性を確認,仮名・要レビュー,暫定・要レビュー
U5-27,U5,送付画像5,5,3,中位,ツインマリドラ,二つ首の青赤海竜,ドラゴン,水棲,採用,,独自性を確認,仮名・要レビュー,暫定・要レビュー
U5-28,U5,送付画像5,5,4,中位,アストラスタッグ,星をまとった青い神鹿,幻魔,,採用,,独自性を確認,仮名・要レビュー,暫定・要レビュー
U5-29,U5,送付画像5,5,5,中位,ノクスリーパー,大鎌を持つ黒紫の死神,不死,,採用,,独自性を確認,仮名・要レビュー,暫定・要レビュー
U5-30,U5,送付画像5,5,6,中位,ゴルドスライムア,王冠とローブの黄金スライム王,スライム,,除外候補,D016,U4-01と意匠・役割が近い,仮名・要レビュー,暫定・要レビュー
U6-01,U6,送付画像6,1,1,下位,ニコスライム,笑顔の青いスライム,スライム,,除外候補,D003,ドラクエ系の笑顔スライムを連想しやすい,仮名・要レビュー,暫定・要レビュー
U6-02,U6,送付画像6,1,2,中位,リーフワイバン,緑の翼竜,ドラゴン,,除外候補,,汎用的な翼竜で、竜族内の個性が弱い,仮名・要レビュー,暫定・要レビュー
U6-03,U6,送付画像6,1,3,中位,フロストイーグル,青白い大ワシ,鳥翼,,除外候補,,汎用的な大ワシで、鳥翼族内の個性が弱い,仮名・要レビュー,暫定・要レビュー
U6-04,U6,送付画像6,1,4,中位,フレアボア,炎のたてがみを持つイノシシ,けもの,,採用,,独自性を確認,仮名・要レビュー,暫定・要レビュー
U6-05,U6,送付画像6,1,5,中位,トラッププランイ,大口の巨大食虫植物,自然,,除外候補,D012,U1-26と意匠・役割が近い,仮名・要レビュー,暫定・要レビュー
U6-06,U6,送付画像6,1,6,中位,スカル,剣盾を持つガイコツ兵,不死,,採用,,独自性を確認,仮名・要レビュー,暫定・要レビュー
U6-07,U6,送付画像6,2,1,中位,アクアナイト,青い重装騎士,物質,,採用,,独自性を確認,仮名・要レビュー,暫定・要レビュー
U6-08,U6,送付画像6,2,2,下位,アイバット,一つ目の紫コウモリ,幻魔,,採用,,独自性を確認,仮名・要レビュー,暫定・要レビュー
U6-09,U6,送付画像6,2,3,中位,リーフゴレムイ,苔むした岩ゴーレム,物質,,除外候補,D013,U2-03と意匠・役割が近い,仮名・要レビュー,暫定・要レビュー
U6-10,U6,送付画像6,2,4,下位,アクアメデュラ,青いクラゲ,水棲,,採用,,独自性を確認,仮名・要レビュー,暫定・要レビュー
U6-11,U6,送付画像6,2,5,中位,フレアエレメント,人型の炎エレメント,幻魔,,採用,,独自性を確認,仮名・要レビュー,暫定・要レビュー
U6-12,U6,送付画像6,2,6,中位,アズールウルフ,青いオオカミ,けもの,,除外候補,,汎用的な青オオカミで、けもの族内の個性が弱い,仮名・要レビュー,暫定・要レビュー
U6-13,U6,送付画像6,3,1,中位,フレアビー,赤い目の巨大ハチ,むし,,採用,,独自性を確認,仮名・要レビュー,暫定・要レビュー
U6-14,U6,送付画像6,3,2,下位,ベロゴースト,舌を出す白い幽霊,不死,,採用,,独自性を確認,仮名・要レビュー,暫定・要レビュー
U6-15,U6,送付画像6,3,3,中位,アーマータートル,甲羅装甲の緑カメ,けもの,,採用,,独自性を確認,仮名・要レビュー,暫定・要レビュー
U6-16,U6,送付画像6,3,4,中位,ボルトバード,雷をまとった青黄の鳥,鳥翼,,採用,,独自性を確認,仮名・要レビュー,暫定・要レビュー
U6-17,U6,送付画像6,3,5,下位,アカカサマッシュ,赤傘のキノコ,自然,物質,除外候補,,赤傘キノコはU2-14の旅キノコを優先,仮名・要レビュー,暫定・要レビュー
U6-18,U6,送付画像6,3,6,下位,ソルアングラーイ,発光器を持つ青いチョウチンアンコウ,水棲,,除外候補,D006,U1-06と意匠・役割が近い,仮名・要レビュー,暫定・要レビュー
U6-19,U6,送付画像6,4,1,中位,フロストゴレム,青い氷結晶ゴーレム,物質,,採用,,独自性を確認,仮名・要レビュー,暫定・要レビュー
U6-20,U6,送付画像6,4,2,下位,ラビ,角を持つ白ウサギ,けもの,,採用,,独自性を確認,仮名・要レビュー,暫定・要レビュー
U6-21,U6,送付画像6,4,3,上位,モンとをつの,翼と角を持つ獅子の魔獣,けもの,,採用,,独自性を確認,仮名・要レビュー,暫定・要レビュー
U6-22,U6,送付画像6,4,4,上位,クラブ,黒赤装甲の巨大カニ,水棲,,採用,,独自性を確認,仮名・要レビュー,暫定・要レビュー
U6-23,U6,送付画像6,4,5,下位,ヴェノスライム,緑の毒スライム,スライム,,除外候補,,ドラクエ系のスライムを連想しやすい,仮名・要レビュー,暫定・要レビュー
U6-24,U6,送付画像6,4,6,上位,アクアマリドライ,水をまとった青い海竜,ドラゴン,水棲,除外候補,D007,U4-21と意匠・役割が近い,仮名・要レビュー,暫定・要レビュー
U6-25,U6,送付画像6,5,1,上位,フェイストレント,顔のある巨大樹,自然,,除外候補,,巨木系の役割が重複。U5-14を優先,仮名・要レビュー,暫定・要レビュー
U6-26,U6,送付画像6,5,2,上位,アクアつオーガ,棍棒を持つ青い一つ目オーガ,幻魔,,採用,,独自性を確認,仮名・要レビュー,暫定・要レビュー
U6-27,U6,送付画像6,5,3,下位,グリーンフェイ,緑羽の妖精,幻魔,,除外候補,,妖精系の役割が重複。U5-23を優先,仮名・要レビュー,暫定・要レビュー
U6-28,U6,送付画像6,5,4,上位,ヴェノヒドラ,三つ首の紫ヒドラ,ドラゴン,,採用,,独自性を確認,仮名・要レビュー,暫定・要レビュー
U6-29,U6,送付画像6,5,5,上位,ゴルドリッチア,王冠と杖を持つ黒いリッチ王,不死,,除外候補,D017,U4-23と意匠・役割が近い,仮名・要レビュー,暫定・要レビュー
U6-30,U6,送付画像6,5,6,上位,ゴルドスライムイ,王冠と口ひげの黄金スライム王,スライム,,除外候補,D016,U4-01と意匠・役割が近い,仮名・要レビュー,暫定・要レビュー
G1-01,G1,今回生成・下位1,1,1,下位,ボタンビートル,ボタン甲虫,むし,物質,採用,,独自性を確認,仮名・要レビュー,暫定・要レビュー
G1-02,G1,今回生成・下位1,1,2,下位,シンブルインプ,指ぬき帽子の小悪魔,幻魔,,採用,,独自性を確認,仮名・要レビュー,暫定・要レビュー
G1-03,G1,今回生成・下位1,1,3,下位,カサコロリ,折りたたみ傘の精,物質,,採用,,独自性を確認,仮名・要レビュー,暫定・要レビュー
G1-04,G1,今回生成・下位1,1,4,下位,ジッパグ,ファスナーの虫,物質,,採用,,独自性を確認,仮名・要レビュー,暫定・要レビュー
G1-05,G1,今回生成・下位1,1,5,下位,ヨヨロン,ヨーヨーとコードの生物,物質,,採用,,独自性を確認,仮名・要レビュー,暫定・要レビュー
G1-06,G1,今回生成・下位1,1,6,下位,ゼンマイドール,ぜんまい人形,物質,,採用,,独自性を確認,仮名・要レビュー,暫定・要レビュー
G1-07,G1,今回生成・下位1,2,1,下位,イトマキン,糸巻きの精,物質,,採用,,独自性を確認,仮名・要レビュー,暫定・要レビュー
G1-08,G1,今回生成・下位1,2,2,下位,カップルル,ティーカップの生物,物質,,採用,,独自性を確認,仮名・要レビュー,暫定・要レビュー
G1-09,G1,今回生成・下位1,2,3,下位,トキッコ,懐中時計の子,物質,,採用,,独自性を確認,仮名・要レビュー,暫定・要レビュー
G1-10,G1,今回生成・下位1,2,4,下位,ポストン,郵便箱ミミック,物質,,採用,,独自性を確認,仮名・要レビュー,暫定・要レビュー
G1-11,G1,今回生成・下位1,2,5,下位,ペーパウィン,紙飛行機の精,物質,,採用,,独自性を確認,仮名・要レビュー,暫定・要レビュー
G1-12,G1,今回生成・下位1,2,6,下位,ブーツン,長靴の生物,物質,,採用,,独自性を確認,仮名・要レビュー,暫定・要レビュー
G1-13,G1,今回生成・下位1,3,1,下位,パレットン,絵の具パレットの精,物質,,採用,,独自性を確認,仮名・要レビュー,暫定・要レビュー
G1-14,G1,今回生成・下位1,3,2,下位,コンパッサ,方位磁針の生物,物質,,採用,,独自性を確認,仮名・要レビュー,暫定・要レビュー
G1-15,G1,今回生成・下位1,3,3,下位,ダイスン,サイコロの子,物質,,採用,,独自性を確認,仮名・要レビュー,暫定・要レビュー
G1-16,G1,今回生成・下位1,3,4,下位,シオリン,赤いしおりの精,物質,,採用,,独自性を確認,仮名・要レビュー,暫定・要レビュー
G1-17,G1,今回生成・下位1,3,5,下位,ベルル,ハンドベルの生物,物質,,採用,,独自性を確認,仮名・要レビュー,暫定・要レビュー
G1-18,G1,今回生成・下位1,3,6,下位,ハモニカン,ハーモニカの生物,物質,,採用,,独自性を確認,仮名・要レビュー,暫定・要レビュー
G1-19,G1,今回生成・下位1,4,1,下位,ケシゴムン,消しゴムの生物,物質,,採用,,独自性を確認,仮名・要レビュー,暫定・要レビュー
G1-20,G1,今回生成・下位1,4,2,下位,センスイ,扇子の精,物質,,採用,,独自性を確認,仮名・要レビュー,暫定・要レビュー
G1-21,G1,今回生成・下位1,4,3,下位,マグネッチ,磁石の機械生物,物質,,採用,,独自性を確認,仮名・要レビュー,暫定・要レビュー
G1-22,G1,今回生成・下位1,4,4,下位,ピンコ,安全ピンの生物,物質,,採用,,独自性を確認,仮名・要レビュー,暫定・要レビュー
G1-23,G1,今回生成・下位1,4,5,下位,ホウキッド,ほうきの精,物質,,採用,,独自性を確認,仮名・要レビュー,暫定・要レビュー
G1-24,G1,今回生成・下位1,4,6,下位,ベントン,弁当箱ミミック,物質,,採用,,独自性を確認,仮名・要レビュー,暫定・要レビュー
G1-25,G1,今回生成・下位1,5,1,下位,スナドキン,砂時計の精,物質,,採用,,独自性を確認,仮名・要レビュー,暫定・要レビュー
G1-26,G1,今回生成・下位1,5,2,下位,タイロック,模様タイルの生物,物質,,採用,,独自性を確認,仮名・要レビュー,暫定・要レビュー
G1-27,G1,今回生成・下位1,5,3,下位,フネポン,紙舟の精,物質,,採用,,独自性を確認,仮名・要レビュー,暫定・要レビュー
G1-28,G1,今回生成・下位1,5,4,下位,ソプル,ソープボトルの生物,物質,,採用,,独自性を確認,仮名・要レビュー,暫定・要レビュー
G1-29,G1,今回生成・下位1,5,5,下位,メジャリン,巻尺の生物,物質,,採用,,独自性を確認,仮名・要レビュー,暫定・要レビュー
G1-30,G1,今回生成・下位1,5,6,下位,ボタンボール,ボタン集合体,物質,,採用,,独自性を確認,仮名・要レビュー,暫定・要レビュー
G2-01,G2,今回生成・下位2,1,1,下位,カゲプル,小さな影だまり,スライム,,採用,,独自性を確認,仮名・要レビュー,暫定・要レビュー
G2-02,G2,今回生成・下位2,1,2,下位,エコリボン,反響する音のリボン,幻魔,,採用,,独自性を確認,仮名・要レビュー,暫定・要レビュー
G2-03,G2,今回生成・下位2,1,3,下位,ニジカケラ,虹色のかけら,幻魔,,採用,,独自性を確認,仮名・要レビュー,暫定・要レビュー
G2-04,G2,今回生成・下位2,1,4,下位,ヒダマリワタ,太陽光の綿毛,自然,,採用,,独自性を確認,仮名・要レビュー,暫定・要レビュー
G2-05,G2,今回生成・下位2,1,5,下位,オロロール,オーロラの渦,幻魔,,採用,,独自性を確認,仮名・要レビュー,暫定・要レビュー
G2-06,G2,今回生成・下位2,1,6,下位,コメットン,尾を引く小隕石,幻魔,,採用,,独自性を確認,仮名・要レビュー,暫定・要レビュー
G2-07,G2,今回生成・下位2,2,1,下位,ユキモン,雪の結晶の子,自然,,採用,,独自性を確認,仮名・要レビュー,暫定・要レビュー
G2-08,G2,今回生成・下位2,2,2,下位,ツユコロ,露玉の精,自然,,採用,,独自性を確認,仮名・要レビュー,暫定・要レビュー
G2-09,G2,今回生成・下位2,2,3,下位,カミフブク,紙吹雪の塊,物質,,採用,,独自性を確認,仮名・要レビュー,暫定・要レビュー
G2-10,G2,今回生成・下位2,2,4,下位,チョクモク,チョーク粉の精,物質,,採用,,独自性を確認,仮名・要レビュー,暫定・要レビュー
G2-11,G2,今回生成・下位2,2,5,下位,インクル,黒いインク染み,スライム,,採用,,独自性を確認,仮名・要レビュー,暫定・要レビュー
G2-12,G2,今回生成・下位2,2,6,下位,ユゲポワ,白い湯気の精,自然,,採用,,独自性を確認,仮名・要レビュー,暫定・要レビュー
G2-13,G2,今回生成・下位2,3,1,下位,シオフリコ,塩入れの生物,物質,,採用,,独自性を確認,仮名・要レビュー,暫定・要レビュー
G2-14,G2,今回生成・下位2,3,2,下位,ポンコーン,ポップコーンの精,物質,,採用,,独自性を確認,仮名・要レビュー,暫定・要レビュー
G2-15,G2,今回生成・下位2,3,3,下位,モチプル,白いもちの生物,スライム,,採用,,独自性を確認,仮名・要レビュー,暫定・要レビュー
G2-16,G2,今回生成・下位2,3,4,下位,プレッツン,プレッツェルの生物,物質,,採用,,独自性を確認,仮名・要レビュー,暫定・要レビュー
G2-17,G2,今回生成・下位2,3,5,下位,パンケープ,マント付きパンケーキ,物質,,採用,,独自性を確認,仮名・要レビュー,暫定・要レビュー
G2-18,G2,今回生成・下位2,3,6,下位,チズチュウ,チーズ片の生物,物質,,採用,,独自性を確認,仮名・要レビュー,暫定・要レビュー
G2-19,G2,今回生成・下位2,4,1,下位,クルミット,クルミ殻の精,自然,,採用,,独自性を確認,仮名・要レビュー,暫定・要レビュー
G2-20,G2,今回生成・下位2,4,2,下位,マキガイラ,巻貝の精,水棲,,採用,,独自性を確認,仮名・要レビュー,暫定・要レビュー
G2-21,G2,今回生成・下位2,4,3,下位,サンゴベル,サンゴ鐘の生物,水棲,物質,採用,,独自性を確認,仮名・要レビュー,暫定・要レビュー
G2-22,G2,今回生成・下位2,4,4,下位,マツコロン,松ぼっくりの精,自然,,採用,,独自性を確認,仮名・要レビュー,暫定・要レビュー
G2-23,G2,今回生成・下位2,4,5,下位,ニジアワワ,虹色のシャボン玉,幻魔,,採用,,独自性を確認,仮名・要レビュー,暫定・要レビュー
G2-24,G2,今回生成・下位2,4,6,下位,ハネポン,白い羽根の生物,鳥翼,,採用,,独自性を確認,仮名・要レビュー,暫定・要レビュー
G2-25,G2,今回生成・下位2,5,1,下位,アシカゲ,足跡の影,幻魔,,採用,,独自性を確認,仮名・要レビュー,暫定・要レビュー
G2-26,G2,今回生成・下位2,5,2,下位,シグナロン,信号機の生物,物質,,採用,,独自性を確認,仮名・要レビュー,暫定・要レビュー
G2-27,G2,今回生成・下位2,5,3,下位,オリヅルン,折り鶴の精,物質,,採用,,独自性を確認,仮名・要レビュー,暫定・要レビュー
G2-28,G2,今回生成・下位2,5,4,下位,ハンコロン,ゴム印の生物,物質,,採用,,独自性を確認,仮名・要レビュー,暫定・要レビュー
G2-29,G2,今回生成・下位2,5,5,下位,ビーダマンボ,虹色ビー玉の生物,物質,,採用,,独自性を確認,仮名・要レビュー,暫定・要レビュー
G2-30,G2,今回生成・下位2,5,6,下位,カオリグモ,香りの雲,自然,,採用,,独自性を確認,仮名・要レビュー,暫定・要レビュー
G3-01,G3,今回生成・中位,1,1,中位,アコーディオン,アコーディオン装甲の獣,けもの,,採用,,独自性を確認,仮名・要レビュー,暫定・要レビュー
G3-02,G3,今回生成・中位,1,2,中位,ポットゴレム,ティーポットゴーレム,物質,,採用,,独自性を確認,仮名・要レビュー,暫定・要レビュー
G3-03,G3,今回生成・中位,1,3,中位,ソナムカデ,蓄音機ムカデ,むし,,採用,,独自性を確認,仮名・要レビュー,暫定・要レビュー
G3-04,G3,今回生成・中位,1,4,中位,ダンスミミッ,洋服ダンスミミック,物質,,採用,,独自性を確認,仮名・要レビュー,暫定・要レビュー
G3-05,G3,今回生成・中位,1,5,中位,クロノクラブ,時計仕掛けのカニ,水棲,物質,採用,,独自性を確認,仮名・要レビュー,暫定・要レビュー
G3-06,G3,今回生成・中位,1,6,中位,ウォード,傘槍の戦士,物質,,採用,,独自性を確認,仮名・要レビュー,暫定・要レビュー
G3-07,G3,今回生成・中位,2,1,中位,ウィッチ,インクを操る魔女,幻魔,,採用,,独自性を確認,仮名・要レビュー,暫定・要レビュー
G3-08,G3,今回生成・中位,2,2,中位,モンをる,仮面を操る舞踏家,幻魔,,採用,,独自性を確認,仮名・要レビュー,暫定・要レビュー
G3-09,G3,今回生成・中位,2,3,中位,かばんミミッ,旅行かばんミミック,物質,,採用,,独自性を確認,仮名・要レビュー,暫定・要レビュー
G3-10,G3,今回生成・中位,2,4,中位,サインゴレム,道路標識ゴーレム,物質,,採用,,独自性を確認,仮名・要レビュー,暫定・要レビュー
G3-11,G3,今回生成・中位,2,5,中位,ギガント,風車の巨人,物質,,採用,,独自性を確認,仮名・要レビュー,暫定・要レビュー
G3-12,G3,今回生成・中位,2,6,中位,クロノ,回転木馬の機械獣,けもの,物質,採用,,独自性を確認,仮名・要レビュー,暫定・要レビュー
G3-13,G3,今回生成・中位,3,1,中位,り,操り人形の格闘家,物質,,採用,,独自性を確認,仮名・要レビュー,暫定・要レビュー
G3-14,G3,今回生成・中位,3,2,中位,ディスクウォード,レコード円盤戦士,物質,,採用,,独自性を確認,仮名・要レビュー,暫定・要レビュー
G3-15,G3,今回生成・中位,3,3,中位,クロノミシングモ,ミシン脚の機械グモ,物質,,採用,,独自性を確認,仮名・要レビュー,暫定・要レビュー
G3-16,G3,今回生成・中位,3,4,中位,モンの,掃除機の獣,けもの,物質,採用,,独自性を確認,仮名・要レビュー,暫定・要レビュー
G3-17,G3,今回生成・中位,3,5,中位,スノードームゴレ,城入りスノードームゴーレム,物質,,採用,,独自性を確認,仮名・要レビュー,暫定・要レビュー
G3-18,G3,今回生成・中位,3,6,中位,ミミッ,自動販売機ミミック,物質,,採用,,独自性を確認,仮名・要レビュー,暫定・要レビュー
G3-19,G3,今回生成・中位,4,1,中位,タートル,古いカメラのクモ,むし,けもの|物質,採用,,独自性を確認,仮名・要レビュー,暫定・要レビュー
G3-20,G3,今回生成・中位,4,2,中位,ポストゴレム,郵便ポストゴーレム,物質,,採用,,独自性を確認,仮名・要レビュー,暫定・要レビュー
G3-21,G3,今回生成・中位,4,3,中位,ケーキナイト,ケーキ騎士,物質,,採用,,独自性を確認,仮名・要レビュー,暫定・要レビュー
G3-22,G3,今回生成・中位,4,4,中位,フレアオーブン,炎のオーブン獣,けもの,物質,採用,,独自性を確認,仮名・要レビュー,暫定・要レビュー
G3-23,G3,今回生成・中位,4,5,中位,ヤカンゾウ,ヤカン装甲のゾウ,けもの,物質,採用,,独自性を確認,仮名・要レビュー,暫定・要レビュー
G3-24,G3,今回生成・中位,4,6,中位,ルークナイト,チェスのルーク騎士,物質,,採用,,独自性を確認,仮名・要レビュー,暫定・要レビュー
G3-25,G3,今回生成・中位,5,1,中位,モン,風船道化師,物質,,採用,,独自性を確認,仮名・要レビュー,暫定・要レビュー
G3-26,G3,今回生成・中位,5,2,中位,クロノフォクス,時計仕掛けのキツネ,けもの,物質,採用,,独自性を確認,仮名・要レビュー,暫定・要レビュー
G3-27,G3,今回生成・中位,5,3,中位,ローラー,塗装ローラーの怪物,物質,,採用,,独自性を確認,仮名・要レビュー,暫定・要レビュー
G3-28,G3,今回生成・中位,5,4,中位,ミラレイス,鏡の霊体,不死,物質,採用,,独自性を確認,仮名・要レビュー,暫定・要レビュー
G3-29,G3,今回生成・中位,5,5,中位,ミミック,工具箱ミミック,物質,,採用,,独自性を確認,仮名・要レビュー,暫定・要レビュー
G3-30,G3,今回生成・中位,5,6,中位,クロノけ,機械仕掛けの巨大方位磁針,物質,,採用,,機械方位盤の中位代表。下位G1-14と最上位G5-24は別の役割,仮名・要レビュー,暫定・要レビュー
G4-01,G4,今回生成・上位,1,1,上位,ソルコロッサ,大聖堂の鐘を宿す巨像,物質,,採用,,独自性を確認,仮名・要レビュー,暫定・要レビュー
G4-02,G4,今回生成・上位,1,2,上位,クロノギガント,時計仕掛けの宮殿巨人,物質,,採用,,独自性を確認,仮名・要レビュー,暫定・要レビュー
G4-03,G4,今回生成・上位,1,3,上位,ドミナ,日食仮面の支配者,幻魔,,採用,,独自性を確認,仮名・要レビュー,暫定・要レビュー
G4-04,G4,今回生成・上位,1,4,上位,テンペストシップ,嵐をまとう幽霊船,不死,物質,採用,,独自性を確認,仮名・要レビュー,暫定・要レビュー
G4-05,G4,今回生成・上位,1,5,上位,ボルトレイン,雷をまとう巨大列車,物質,,採用,,独自性を確認,仮名・要レビュー,暫定・要レビュー
G4-06,G4,今回生成・上位,1,6,上位,ソナ,黒曜石の音楽箱獣,けもの,物質,採用,,独自性を確認,仮名・要レビュー,暫定・要レビュー
G4-07,G4,今回生成・上位,2,1,上位,クイーン,磁器の女王,幻魔,,採用,,独自性を確認,仮名・要レビュー,暫定・要レビュー
G4-08,G4,今回生成・上位,2,2,上位,ソナピアノ,巨大ピアノと触手の魔物,物質,,採用,,独自性を確認,仮名・要レビュー,暫定・要レビュー
G4-09,G4,今回生成・上位,2,3,上位,メテオフォージ,隕石炉の巨人,物質,,採用,,独自性を確認,仮名・要レビュー,暫定・要レビュー
G4-10,G4,今回生成・上位,2,4,上位,ミラナイト,鏡の迷宮騎士,物質,,採用,,独自性を確認,仮名・要レビュー,暫定・要レビュー
G4-11,G4,今回生成・上位,2,5,上位,スカイスクレイパ,摩天楼の巨人,物質,,除外候補,,建築巨人系の密度調整。G4-22を優先,仮名・要レビュー,暫定・要レビュー
G4-12,G4,今回生成・上位,2,6,上位,ノクス,黒穴を操る魔導士,幻魔,,採用,,独自性を確認,仮名・要レビュー,暫定・要レビュー
G4-13,G4,今回生成・上位,3,1,上位,アストラウォード,彗星剣の戦士,物質,,採用,,独自性を確認,仮名・要レビュー,暫定・要レビュー
G4-14,G4,今回生成・上位,3,2,上位,クロノコロッサ,日時計の巨像,物質,,除外候補,,巨像系の密度調整。遊園地を背負うG4-22を優先,仮名・要レビュー,暫定・要レビュー
G4-15,G4,今回生成・上位,3,3,上位,ステンドグラス,ステンドグラスの天使,鳥翼,,採用,,独自性を確認,仮名・要レビュー,暫定・要レビュー
G4-16,G4,今回生成・上位,3,4,上位,パペットキング,操り人形の王,物質,,採用,,独自性を確認,仮名・要レビュー,暫定・要レビュー
G4-17,G4,今回生成・上位,3,5,上位,ルーレット,ルーレット魔王,物質,,採用,,独自性を確認,仮名・要レビュー,暫定・要レビュー
G4-18,G4,今回生成・上位,3,6,上位,クロノア,時計塔の怪物,物質,,採用,,独自性を確認,仮名・要レビュー,暫定・要レビュー
G4-19,G4,今回生成・上位,4,1,上位,ソナガーゴ,巨大鐘のガーゴイル,物質,,採用,,独自性を確認,仮名・要レビュー,暫定・要レビュー
G4-20,G4,今回生成・上位,4,2,上位,テンペストワイバ,嵐の凧をまとう竜形機械,ドラゴン,物質,採用,,独自性を確認,仮名・要レビュー,暫定・要レビュー
G4-21,G4,今回生成・上位,4,3,上位,クロノサーペント,歯車の大蛇,ドラゴン,物質,採用,,独自性を確認,仮名・要レビュー,暫定・要レビュー
G4-22,G4,今回生成・上位,4,4,上位,コロッサ,遊園地を背負う巨像,物質,,採用,,遊園地を背負う独自性があり、巨像系の代表にする,仮名・要レビュー,暫定・要レビュー
G4-23,G4,今回生成・上位,4,5,上位,ルナ,月望遠鏡の魔導士,物質,,採用,,独自性を確認,仮名・要レビュー,暫定・要レビュー
G4-24,G4,今回生成・上位,4,6,上位,ソナギガント,大地を揺らす太鼓巨人,物質,,採用,,独自性を確認,仮名・要レビュー,暫定・要レビュー
G4-25,G4,今回生成・上位,5,1,上位,アストラコロッサ,星空球を抱く巨像,物質,,除外候補,,巨像系の密度調整。G4-22を優先,仮名・要レビュー,暫定・要レビュー
G4-26,G4,今回生成・上位,5,2,上位,ゴルドキング,多数の王冠をまとう王,幻魔,,採用,,独自性を確認,仮名・要レビュー,暫定・要レビュー
G4-27,G4,今回生成・上位,5,3,上位,アストラギガント,宇宙方位磁針の巨人,物質,,除外候補,,方位盤系は中位G3-30と最上位G5-24を優先,仮名・要レビュー,暫定・要レビュー
G4-28,G4,今回生成・上位,5,4,上位,ソル,虹結晶の大聖堂,物質,,採用,,独自性を確認,仮名・要レビュー,暫定・要レビュー
G4-29,G4,今回生成・上位,5,5,上位,フレアギガント,火山炉の城塞巨人,物質,,除外候補,,城塞巨人系の密度調整。G4-22を優先,仮名・要レビュー,暫定・要レビュー
G4-30,G4,今回生成・上位,5,6,上位,アルカガーディア,異次元門の守護者,物質,,採用,,独自性を確認,仮名・要レビュー,暫定・要レビュー
G5-01,G5,今回生成・最上位,1,1,最上位,ホワイトキング,笑顔で手を差し伸べる白ひげ王,幻魔,,採用,,独自性を確認,仮名・要レビュー,暫定・要レビュー
G5-02,G5,今回生成・最上位,1,2,最上位,ソルキング,光の小精霊に囲まれた陽気な黄金王,幻魔,,除外候補,,黄金王系の中で一般的。個性の強い王を優先,仮名・要レビュー,暫定・要レビュー
G5-03,G5,今回生成・最上位,1,3,最上位,ルナクイーン,月を背負う優雅な女王,幻魔,,採用,,独自性を確認,仮名・要レビュー,暫定・要レビュー
G5-04,G5,今回生成・最上位,1,4,最上位,セージ,巻物を浮かべる古代賢者,幻魔,,採用,,独自性を確認,仮名・要レビュー,暫定・要レビュー
G5-05,G5,今回生成・最上位,1,5,最上位,ボルトエンペラー,冷静な蒼い嵐の皇帝,幻魔,,採用,,嵐の皇帝として王系の中でも属性と人格が独立,仮名・要レビュー,暫定・要レビュー
G5-06,G5,今回生成・最上位,1,6,最上位,ソルガーディア,巨大な鐘を持つ陽気な山の守護者,物質,,採用,,独自性を確認,仮名・要レビュー,暫定・要レビュー
G5-07,G5,今回生成・最上位,2,1,最上位,ノクスデモンロー,黒紫の深淵魔王,幻魔,,採用,,独自性を確認,仮名・要レビュー,暫定・要レビュー
G5-08,G5,今回生成・最上位,2,2,最上位,クリムゾンカイザ,紅い外套と剣の覇王,幻魔,,採用,,剣を持つ覇王として戦闘系の頂点を担当,仮名・要レビュー,暫定・要レビュー
G5-09,G5,今回生成・最上位,2,3,最上位,フロストエンプレ,氷宮の女帝,幻魔,,採用,,氷宮と女帝の組み合わせが明確,仮名・要レビュー,暫定・要レビュー
G5-10,G5,今回生成・最上位,2,4,最上位,ビーストキング,白毛の巨大獣王,けもの,,採用,,独自性を確認,仮名・要レビュー,暫定・要レビュー
G5-11,G5,今回生成・最上位,2,5,最上位,ソルセインティア,多数の鏡を操る聖女,物質,,採用,,独自性を確認,仮名・要レビュー,暫定・要レビュー
G5-12,G5,今回生成・最上位,2,6,最上位,マスカレイドキン,仮面とカードを操る道化王,幻魔,,採用,,独自性を確認,仮名・要レビュー,暫定・要レビュー
G5-13,G5,今回生成・最上位,3,1,最上位,タイラント,生きた玉座に座る暴君,幻魔,,採用,,生きた玉座という物質・魔王融合の個性が強い,仮名・要レビュー,暫定・要レビュー
G5-14,G5,今回生成・最上位,3,2,最上位,アストラセージ,星の小精霊を連れた賢者,幻魔,,採用,,独自性を確認,仮名・要レビュー,暫定・要レビュー
G5-15,G5,今回生成・最上位,3,3,最上位,アストラディヴァ,天球儀を操る観測神,物質,,採用,,独自性を確認,仮名・要レビュー,暫定・要レビュー
G5-16,G5,今回生成・最上位,3,4,最上位,アルカディヴァ,世界時計の機械神,物質,,採用,,独自性を確認,仮名・要レビュー,暫定・要レビュー
G5-17,G5,今回生成・最上位,3,5,最上位,アストラつ,紫光を放つ星雲大聖堂,物質,,採用,,独自性を確認,仮名・要レビュー,暫定・要レビュー
G5-18,G5,今回生成・最上位,3,6,最上位,ホライゾンクイー,天空と大地をまとった地平の女王,幻魔,,採用,,天空と大地をまとう地平の女王として独立,仮名・要レビュー,暫定・要レビュー
G5-19,G5,今回生成・最上位,4,1,最上位,ノクスく,渦巻く黒穴の主,幻魔,,採用,,独自性を確認,仮名・要レビュー,暫定・要レビュー
G5-20,G5,今回生成・最上位,4,2,最上位,アストラえる,星を鍛える巨大炉,物質,,採用,,独自性を確認,仮名・要レビュー,暫定・要レビュー
G5-21,G5,今回生成・最上位,4,3,最上位,アルカる,虹を織る現実の織姫,物質,,採用,,独自性を確認,仮名・要レビュー,暫定・要レビュー
G5-22,G5,今回生成・最上位,4,4,最上位,アルカキング,多色の門を操る次元王,物質,,採用,,独自性を確認,仮名・要レビュー,暫定・要レビュー
G5-23,G5,今回生成・最上位,4,5,最上位,モンをつの,巻物柱を持つ天上の記録者,物質,,採用,,独自性を確認,仮名・要レビュー,暫定・要レビュー
G5-24,G5,今回生成・最上位,4,6,最上位,インフィニティコ,巨大な無限方位盤の神,物質,,採用,,独自性を確認,仮名・要レビュー,暫定・要レビュー
G5-25,G5,今回生成・最上位,5,1,最上位,ノクスくア,宙に浮く虚無宮殿,不死,物質,採用,,独自性を確認,仮名・要レビュー,暫定・要レビュー
G5-26,G5,今回生成・最上位,5,2,最上位,ソルディヴァ,太陽と月をまとう双極の神,幻魔,,採用,,独自性を確認,仮名・要レビュー,暫定・要レビュー
G5-27,G5,今回生成・最上位,5,3,最上位,ドリームシアター,舞台ごと現れた夢劇場の王,物質,,採用,,夢劇場という舞台型の最上位として独立,仮名・要レビュー,暫定・要レビュー
G5-28,G5,今回生成・最上位,5,4,最上位,オービットデウス,天球環を背負う機械巨神,物質,,採用,,独自性を確認,仮名・要レビュー,暫定・要レビュー
G5-29,G5,今回生成・最上位,5,5,最上位,アストラエンペラ,赤黒の宇宙操り人形皇帝,物質,,採用,,宇宙操り人形の皇帝として独立,仮名・要レビュー,暫定・要レビュー
G5-30,G5,今回生成・最上位,5,6,最上位,セクスタガーディ,六つの光輪を持つ世界封印の守護者,幻魔,,採用,,独自性を確認,仮名・要レビュー,暫定・要レビュー
